[
  {
    "id": "145112b8-625a-44e6-a76a-9a9cfb4e673d",
    "data": [
      {
        "text": "hate you",
        "userDefined": false
      }
    ],
    "isTemplate": false,
    "count": 0,
    "lang": "en",
    "updated": 0
  },
  {
    "id": "9f2bb547-2554-4767-a406-524e1d027708",
    "data": [
      {
        "text": "lovely",
        "userDefined": false
      }
    ],
    "isTemplate": false,
    "count": 0,
    "lang": "en",
    "updated": 0
  },
  {
    "id": "6f746add-2060-4460-bb37-46c457924078",
    "data": [
      {
        "text": "nice talking to you",
        "userDefined": false
      }
    ],
    "isTemplate": false,
    "count": 0,
    "lang": "en",
    "updated": 0
  },
  {
    "id": "c9f7dfaf-5c08-46ac-bf71-7d7f1a2f5101",
    "data": [
      {
        "text": "I love you",
        "userDefined": false
      }
    ],
    "isTemplate": false,
    "count": 0,
    "lang": "en",
    "updated": 0
  },
  {
    "id": "0a92d82f-a81b-4e3c-9ea0-25e55aa9b960",
    "data": [
      {
        "text": "Thank you",
        "userDefined": false
      }
    ],
    "isTemplate": false,
    "count": 0,
    "lang": "en",
    "updated": 0
  },
  {
    "id": "8e3049a1-10f3-49cf-b0f6-ea9995391a63",
    "data": [
      {
        "text": "thanks",
        "userDefined": false
      }
    ],
    "isTemplate": false,
    "count": 0,
    "lang": "en",
    "updated": 0
  },
  {
    "id": "0c1b34ac-8517-4d98-9aa6-c86ca8557537",
    "data": [
      {
        "text": "sorry",
        "userDefined": false
      }
    ],
    "isTemplate": false,
    "count": 0,
    "lang": "en",
    "updated": 0
  },
  {
    "id": "dae339c9-c9ba-454d-848e-1dddcfe91cde",
    "data": [
      {
        "text": "Shut up",
        "userDefined": false
      }
    ],
    "isTemplate": false,
    "count": 0,
    "lang": "en",
    "updated": 0
  },
  {
    "id": "e39862d2-5f31-4652-96b3-601b464d9b2f",
    "data": [
      {
        "text": "Bye",
        "userDefined": false
      }
    ],
    "isTemplate": false,
    "count": 0,
    "lang": "en",
    "updated": 0
  }
]