[
  {
    "id": "7a61f698-410e-4790-b5d9-1fbb8452da09",
    "data": [
      {
        "text": "I want to order",
        "userDefined": false
      }
    ],
    "isTemplate": false,
    "count": 0,
    "lang": "en",
    "updated": 0
  },
  {
    "id": "f44c42cd-0ac7-4fb7-806c-8591bb7777d6",
    "data": [
      {
        "text": "new order",
        "userDefined": false
      }
    ],
    "isTemplate": false,
    "count": 0,
    "lang": "en",
    "updated": 0
  },
  {
    "id": "de82e51a-9dc6-444e-8a90-7e754d5b86ed",
    "data": [
      {
        "text": "new",
        "userDefined": false
      }
    ],
    "isTemplate": false,
    "count": 0,
    "lang": "en",
    "updated": 0
  },
  {
    "id": "8a7ebca5-825d-4149-ba9c-fd59b24d2444",
    "data": [
      {
        "text": "generate new order",
        "userDefined": false
      }
    ],
    "isTemplate": false,
    "count": 0,
    "lang": "en",
    "updated": 0
  },
  {
    "id": "a76ce9f2-2f91-4339-aa86-b5975d83e9a2",
    "data": [
      {
        "text": "place new order",
        "userDefined": false
      }
    ],
    "isTemplate": false,
    "count": 1,
    "lang": "en",
    "updated": 0
  }
]