[
  {
    "id": "5e226db0-7e71-4d0c-8594-87486608d142",
    "data": [
      {
        "text": "how about ",
        "userDefined": false
      },
      {
        "text": "852",
        "meta": "@sys.number",
        "alias": "order_id",
        "userDefined": false
      }
    ],
    "isTemplate": false,
    "count": 1,
    "lang": "en",
    "updated": 0
  },
  {
    "id": "82a12e98-2911-471e-be61-17d066c8a246",
    "data": [
      {
        "text": "my order id is ",
        "userDefined": false
      },
      {
        "text": "652",
        "meta": "@sys.number",
        "alias": "order_id",
        "userDefined": false
      }
    ],
    "isTemplate": false,
    "count": 0,
    "lang": "en",
    "updated": 0
  },
  {
    "id": "3cf56154-ca45-4fce-8b67-f4e6db0fcbee",
    "data": [
      {
        "text": "12",
        "meta": "@sys.number",
        "alias": "order_id",
        "userDefined": false
      }
    ],
    "isTemplate": false,
    "count": 0,
    "lang": "en",
    "updated": 0
  },
  {
    "id": "e4ef5e4e-b0a2-4322-98f8-7ff559754071",
    "data": [
      {
        "text": "id is ",
        "userDefined": false
      },
      {
        "text": "57",
        "meta": "@sys.number",
        "alias": "order_id",
        "userDefined": false
      }
    ],
    "isTemplate": false,
    "count": 0,
    "lang": "en",
    "updated": 0
  }
]